skill_id,category,type,name,type_name,description,atk,speed,cooltime,cooltime_multi,lifetime,projectile,count,size,size_multi,effect_id,effect_value,knockback_length,knockback_time
901,101,0,武器：スラッシュ,,,20,1000,2000,1000,1000,1,1,100,1000,0,0,600,200
901,101,1,強化：スラッシュ,LvlUP,スラッシュ：+1 Lvl,2,0,0,900,0,0,0,0,1000,0,0,0,0
902,101,0,武器：ホーミング,,ホーミングを取得,10,1000,2000,1000,1000,1,1,100,1000,0,0,300,100
902,101,1,強化：ホーミング,LvlUP,ホーミング：+1 Lvl,1,0,0,900,0,0,0,0,1000,0,0,0,0
903,101,0,武器：火の矢,,火の矢を取得,10,1000,2000,1000,1000,1,1,100,1000,0,0,300,100
903,101,1,強化：火の矢,LvlUP,火の矢：+1 Lvl,1,0,0,900,0,0,0,0,1000,0,0,0,0
2001,201,0,装備：体力増加,,最大体力の増加効果を付与する,0,0,0,0,0,0,0,0,0,hp,100,0,0
2002,201,0,装備：移動速度増加,,移動速度増加効果を付与する,0,0,0,0,0,0,0,0,0,speed,100,0,0
2003,201,0,装備：ノックバック強化,,ノックバック強化効果を付与する,0,0,0,0,0,0,0,0,0,knockback,100,0,0
